"Product","Website"
"626.GiT1.Pi7","https://innovativeoptics.com/product/626-git1-pi7/"
"626.Pi14","https://innovativeoptics.com/product/626-pi14/"
"626.GiT7.Pi3","https://innovativeoptics.com/product/626-git7-pi3/"
"626.Pi23.Pi17","https://innovativeoptics.com/product/626-pi23-pi17/"
"Foundations of Laser and Light Course by John Hoopman","https://innovativeoptics.com/product/foundations-of-laser-and-light-course-by-john-hoopman/"
"Ocular Laser Shields","https://innovativeoptics.com/product/ocular-laser-shields/"
"Pi11, Legend Laser Clip-In","https://innovativeoptics.com/product/pi11-legend-laser-clip-in/"
"Pi10, Legend Laser Clip-In","https://innovativeoptics.com/product/pi10-legend-laser-clip-in/"
"GiT1, Legend Laser Clip-In","https://innovativeoptics.com/product/git1-legend-laser-clip-in/"
"GiT5, Legend Laser Clip-In","https://innovativeoptics.com/product/git5-legend-laser-clip-in/"
"Pi8, Legend Laser Clip-In","https://innovativeoptics.com/product/pi8-legend-laser-clip-in/"
"Pi5, Legend Laser Clip-In","https://innovativeoptics.com/product/pi5-legend-laser-clip-in/"
"Pi19, Legend Laser Clip-In","https://innovativeoptics.com/product/pi19-legend-laser-clip-in/"
"GiT7, Legend Laser Clip-In","https://innovativeoptics.com/product/git7-legend-laser-clip-in/"
"Pi16, 01 Medium Laser Clip-In","https://innovativeoptics.com/product/pi16-01-medium-laser-clip-in-for-loupes/"
"Pi16, 01 Large Laser Clip-In","https://innovativeoptics.com/product/pi16-01-large-laser-clip-in-for-loupes/"
"Pi17, 01 Small Laser Clip-In","https://innovativeoptics.com/product/pi17-01-small-laser-clip-in-for-loupes/"
"Pi17, 01 Medium Laser Clip-In","https://innovativeoptics.com/product/pi17-01-medium-laser-clip-in-for-loupes/"
"Pi17, 01 Large Laser Clip-In","https://innovativeoptics.com/product/pi17-01-large-laser-clip-in/"
"Pi19, 01 Small Laser Clip-In","https://innovativeoptics.com/product/pi19-01-small-laser-clip-in-for-loupes/"
"Pi19, 01 Medium Laser Clip-In","https://innovativeoptics.com/product/pi19-01-medium-laser-clip-in-for-loupes/"
"Pi19, 01 Large Laser Clip-In","https://innovativeoptics.com/product/pi19-01-large-laser-clip-in/"
"GiT1, 01 Small Laser Clip-In","https://innovativeoptics.com/product/git1-01-small-laser-clip-in-for-loupes/"
"GiT7, 01 Small Laser Clip-In","https://innovativeoptics.com/product/git7-01-small-laser-clip-in/"
"GiT7, 01 Medium Laser Clip-In","https://innovativeoptics.com/product/git7-01-medium-laser-clip-in/"
"GiT7, 01 Large Laser Clip-In","https://innovativeoptics.com/product/git7-01-large-laser-clip-in/"
"GiT7, 02 Small Laser Clip-In","https://innovativeoptics.com/product/git7-02-small-laser-clip-in/"
"GiT7, 02 Medium Laser Clip-In","https://innovativeoptics.com/product/git7-02-medium-laser-clip-in/"
"GiT7, 02 Large Laser Clip-In","https://innovativeoptics.com/product/git7-02-large-laser-clip-in-for-loupes/"
"Pi16, 02 Small Laser Clip-In","https://innovativeoptics.com/product/pi16-02-small-laser-clip-in/"
"Pi16, 02 Medium Laser Clip-In","https://innovativeoptics.com/product/pi16-02-medium-laser-clip-in/"
"Pi16, 02 Large Laser Clip-In","https://innovativeoptics.com/product/pi16-02-large-laser-clip-in-for-loupes/"
"Pi17, 02 Small Laser Clip-In","https://innovativeoptics.com/product/pi17-02-small-laser-clip-in-for-loupes/"
"Pi17, 02 Medium Laser Clip-In","https://innovativeoptics.com/product/pi17-02-medium-laser-clip-in/"
"Pi17, 02 Large Laser Clip-In","https://innovativeoptics.com/product/pi17-02-large-laser-clip-in-for-loupes/"
"Pi19, 02 Small Laser Clip-In","https://innovativeoptics.com/product/pi19-02-small-laser-clip-in/"
"Pi19, 02 Medium Laser Clip-In","https://innovativeoptics.com/product/pi19-02-medium-laser-clip-in/"
"Pi19, 02 Large Laser Clip-In","https://innovativeoptics.com/product/pi19-02-large-laser-clip-in/"
"Gi1, 02 Large Laser Clip-In","https://innovativeoptics.com/product/gi1-02-large-laser-clip-in-for-loupes/"
"GiT1, Victory Small Laser Clip-In","https://innovativeoptics.com/product/git1-victory-small-laser-clip-in-for-loupes/"
"GiT1, Victory Large Laser Clip-In","https://innovativeoptics.com/product/git1-victory-large-laser-clip-in/"
"Blocky Skin Shields, IPL & Laser Protection","https://innovativeoptics.com/product/blocky-ipl-and-laser-skin-shields-protection/"
"GiT1, Victory Medium Laser Clip-In","https://innovativeoptics.com/product/git1-victory-medium-laser-clip-in/"
"GiT1, 02 Large Laser Clip-In","https://innovativeoptics.com/product/git1-02-large-laser-clip-in-for-loupes/"
"GiT1, 02 Medium Laser Clip-In","https://innovativeoptics.com/product/git1-02-medium-laser-clip-in/"
"GiT1, 02 Small Laser Clip-In","https://innovativeoptics.com/product/git1-02-small-laser-clip-in-for-loupes/"
"GiT5, 02 Large Laser Clip-In","https://innovativeoptics.com/product/git5-02-large-laser-clip-in/"
"GiT5, 02 Medium Laser Clip-In","https://innovativeoptics.com/product/git5-02-medium-laser-clip-in-for-loupes/"
"GiT5, 02 Small Laser Clip-In","https://innovativeoptics.com/product/git5-02-small-laser-clip-in/"
"GiT5, 01 Large Laser Clip-In","https://innovativeoptics.com/product/git5-01-large-laser-clip-in/"
"GiT5, 01 Medium Laser Clip-In","https://innovativeoptics.com/product/git5-01-medium-laser-clip-in/"
"GiT5, 01 Small Laser Clip-In","https://innovativeoptics.com/product/git5-01-small-laser-clip-in/"
"GiT1, 01 Large Laser Clip-In","https://innovativeoptics.com/product/git1-01-large-laser-clip-in/"
"GiT1, 01 Medium Laser Clip-In","https://innovativeoptics.com/product/git1-01-medium-laser-clip-in-for-loupes/"
"Primo.Pi17 Laser Inserts","https://innovativeoptics.com/product/primo-pi17-laser-inserts/"
"GiT5, Victory Small Laser Clip-In","https://innovativeoptics.com/product/git5-victory-small-laser-clip-in/"
"GiT7, Victory Large Laser Clip-In","https://innovativeoptics.com/product/git7-victory-large-laser-clip-in/"
"GiT7, Victory Medium Laser Clip-In","https://innovativeoptics.com/product/git7-victory-medium-laser-clip-in/"
"GiT7, Victory Small Laser Clip-In","https://innovativeoptics.com/product/git7-victory-small-laser-clip-in/"
"Pi19, Victory Large Laser Clip-In","https://innovativeoptics.com/product/pi19-victory-large-laser-clip-in/"
"Pi17, Victory Large Laser Clip-In","https://innovativeoptics.com/product/pi17-victory-large-laser-clip-in/"
"Pi16, Victory Large Laser Clip-In","https://innovativeoptics.com/product/pi16-victory-large-laser-clip-in/"
"Pi19, Victory Medium Laser Clip-In","https://innovativeoptics.com/product/pi19-victory-medium-laser-clip-in/"
"Pi17, Victory Medium Laser Clip-In","https://innovativeoptics.com/product/pi17-victory-medium-laser-clip-in/"
"Pi16, Victory Medium Laser Clip-In","https://innovativeoptics.com/product/pi16-victory-medium-laser-clip-in/"
"Pi19, Victory Small Laser Clip-In","https://innovativeoptics.com/product/pi19-victory-small-laser-clip-in/"
"Pi17, Victory Small Laser Clip-In","https://innovativeoptics.com/product/pi17-victory-small-laser-clip-in/"
"Pi16, Victory Small Laser Clip-In","https://innovativeoptics.com/product/pi16-victory-small-laser-clip-in/"
"Pi19, InView Regular Laser Clip-In","https://innovativeoptics.com/product/pi19-inview-regular-laser-clip-in/"
"Pi19, InView Large Laser Clip-In","https://innovativeoptics.com/product/pi19-inview-large-laser-clip-in/"
"Pi18, InView Large Laser Clip-In","https://innovativeoptics.com/product/pi18-inview-large-laser-clip-in/"
"Pi17, InView Large Laser Clip-In","https://innovativeoptics.com/product/pi17-inview-large-laser-clip-in/"
"Pi16, InView Large Laser Clip-In","https://innovativeoptics.com/product/pi16-inview-large-laser-clip-in/"
"Pi11, InView Large Laser Clip-In","https://innovativeoptics.com/product/pi11-inview-large-laser-clip-in/"
"Pi10, InView Large Laser Clip-In","https://innovativeoptics.com/product/pi10-inview-large-laser-clip-in/"
"Pi8, InView Large Laser Clip-In","https://innovativeoptics.com/product/pi8-inview-large-laser-clip-in/"
"Pi5, InView Large Laser Clip-In","https://innovativeoptics.com/product/pi5-inview-large-laser-clip-in/"
"Pi4, InView Large Laser Clip-In","https://innovativeoptics.com/product/pi4-inview-large-laser-clip-in/"
"Pi3, InView Large Laser Clip-In","https://innovativeoptics.com/product/pi3-inview-large-laser-clip-in/"
"Pi1, InView Large Laser Clip-In","https://innovativeoptics.com/product/pi1-inview-large-laser-clip-in/"
"Gi1, InView Large Laser Clip-In","https://innovativeoptics.com/product/gi1-inview-large-laser-clip-in/"
"Gi1, InView Regular Laser Clip-In","https://innovativeoptics.com/product/gi1-inview-regular-laser-clip-in/"
"Pi18, InView Regular Laser Clip-In","https://innovativeoptics.com/product/pi18-inview-regular-laser-clip-in/"
"Pi17, InView Regular Laser Clip-In","https://innovativeoptics.com/product/pi17-inview-regular-laser-clip-in/"
"Pi16, InView Regular Laser Clip-In","https://innovativeoptics.com/product/pi16-inview-regular-laser-clip-in/"
"Pi11, InView Regular Laser Clip-In","https://innovativeoptics.com/product/pi11-inview-regular-laser-clip-in/"
"Pi10, InView Regular Laser Clip-In","https://innovativeoptics.com/product/pi10-inview-regular-laser-clip-in/"
"Pi8, InView Regular Laser Clip-In","https://innovativeoptics.com/product/pi8-inview-regular-laser-clip-in/"
"Pi5, InView Regular Laser Clip-In","https://innovativeoptics.com/product/pi5-inview-regular-laser-clip-in/"
"Pi4, InView Regular Laser Clip-In","https://innovativeoptics.com/product/pi4-inview-regular-laser-clip-in/"
"Pi3, InView Regular Laser Clip-In","https://innovativeoptics.com/product/pi3-inview-regular-laser-clip-in/"
"Pi1, InView Regular Laser Clip-In","https://innovativeoptics.com/product/pi1-inview-regular-laser-clip-in/"
"PP16 Curing Light Laser Glasses, 757 Zebra Frame","https://innovativeoptics.com/product/pp16-curing-light-laser-glasses-757-zebra-frame/"
"PP16 Curing Light Laser Glasses, 757 Purple Frame","https://innovativeoptics.com/product/pp16-curing-light-laser-glasses-757-purple-frame/"
"PP16 Curing Light Laser Glasses, 757 Blue Frame","https://innovativeoptics.com/product/pp16-curing-light-laser-glasses-757-blue-frame/"
"PP16 Curing Light Laser Glasses, 757 Gunmetal Gray Frame","https://innovativeoptics.com/product/pp16-curing-light-laser-glasses-757-gunmetal-gray-frame/"
"PP16 Curing Light Laser Glasses, 757 White Frame","https://innovativeoptics.com/product/pp16-curing-light-laser-glasses-757-white-frame/"
"PP16 Curing Light Laser Glasses, 757 Red Frame","https://innovativeoptics.com/product/pp16-curing-light-laser-glasses-757-red-frame/"
"Shade 5 IPL Glasses, MXL Small Adult Frame","https://innovativeoptics.com/product/shade-5-ipl-glasses-mxl-small-adult-frame/"
"Shade 3 IPL Glasses, MXL Small Adult Frame","https://innovativeoptics.com/product/shade-3-ipl-glasses-mxl-small-adult-frame/"
"Shade 5 IPL Glasses, 757 Blue Frame","https://innovativeoptics.com/product/shade-5-ipl-glasses-757-blue-frame/"
"Shade 5 IPL Glasses, 757 Purple Frame","https://innovativeoptics.com/product/shade-5-ipl-glasses-757-purple-frame/"
"Shade 5 IPL Glasses, 757 Red Frame","https://innovativeoptics.com/product/shade-5-ipl-glasses-757-red-frame/"
"Shade 5 IPL Glasses, 757 Gunmetal Gray Frame","https://innovativeoptics.com/product/shade-5-ipl-glasses-757-gunmetal-gray-frame/"
"Shade 5 IPL Glasses, 757 White Frame","https://innovativeoptics.com/product/shade-5-ipl-glasses-757-white-frame/"
"Shade 5 IPL Glasses, 757 Zebra Frame","https://innovativeoptics.com/product/shade-5-ipl-glasses-757-zebra-frame/"
"Shade 3 IPL Glasses, 757 Purple Frame","https://innovativeoptics.com/product/shade-3-ipl-glasses-757-purple-frame/"
"Shade 3 IPL Glasses, 757 Gunmetal Gray Frame","https://innovativeoptics.com/product/shade-3-ipl-glasses-757-gunmetal-gray-frame/"
"Shade 3 IPL Glasses, 757 White Frame","https://innovativeoptics.com/product/shade-3-ipl-glasses-757-white-frame/"
"Shade 3 IPL Glasses, 757 Red Frame","https://innovativeoptics.com/product/shade-3-ipl-glasses-757-red-frame/"
"Shade 3 IPL Glasses, 757 Blue Frame","https://innovativeoptics.com/product/shade-3-ipl-glasses-757-blue-frame/"
"Shade 3 IPL Glasses, 757 Zebra Frame","https://innovativeoptics.com/product/shade-3-ipl-glasses-757-zebra-frame/"
"C740.Gi2 Zebra Laser Eye Protection","https://innovativeoptics.com/product/c740-gi2-zebra-laser-eye-protection/"
"C740.GP31 Zebra Laser Eye Protection","https://innovativeoptics.com/product/c740-gp31-zebra-laser-eye-protection/"
"C740.GiT5 Zebra Laser Eye Protection","https://innovativeoptics.com/product/c740-git5-zebra-laser-eye-protection/"
"C740.GiT7 Zebra Laser Eye Protection","https://innovativeoptics.com/product/c740-git7-zebra-laser-eye-protection/"
"C740.GiT1 Zebra Laser Eye Protection","https://innovativeoptics.com/product/c740-git1-zebra-laser-eye-protection/"
"C740.GP31 Gunmetal Gray Laser Eye Protection","https://innovativeoptics.com/product/c740-gp31-gunmetal-gray-laser-eye-protection/"
"C740.GP31 Blue Laser Eye Protection","https://innovativeoptics.com/product/c740-gp31-blue-laser-eye-protection/"
"C740.GP31 White Laser Eye Protection","https://innovativeoptics.com/product/c740-gp31-white-laser-eye-protection/"
"C740.GP31 Red Laser Eye Protection","https://innovativeoptics.com/product/c740-gp31-red-laser-eye-protection/"
"C740.GP31 Purple Laser Eye Protection","https://innovativeoptics.com/product/c740-gp31-purple-laser-eye-protection/"
"Pi19 Laser Safety Glasses, 757 Zebra Frame","https://innovativeoptics.com/product/pi19-laser-safety-glasses-757-zebra-frame/"
"Pi11 Laser Safety Glasses, 757 Zebra Frame","https://innovativeoptics.com/product/pi11-laser-safety-glasses-757-zebra-frame/"
"Pi10 Laser Safety Glasses, 757 Zebra Frame","https://innovativeoptics.com/product/pi10-laser-safety-glasses-757-zebra-frame/"
"Pi7 Laser Safety Glasses, 757 Zebra Frame","https://innovativeoptics.com/product/pi7-laser-safety-glasses-757-zebra-frame/"
"Pi8 Laser Safety Glasses, 757 Zebra Frame","https://innovativeoptics.com/product/pi8-laser-safety-glasses-757-zebra-frame/"
"Pi18 Laser Safety Glasses, 757 Zebra Frame","https://innovativeoptics.com/product/pi18-laser-safety-glasses-757-zebra-frame/"
"Pi17 Laser Safety Glasses, 757 Zebra Frame","https://innovativeoptics.com/product/pi17-laser-safety-glasses-757-zebra-frame/"
"Pi16 Laser Safety Glasses, 757 Zebra Frame","https://innovativeoptics.com/product/pi16-laser-safety-glasses-757-zebra-frame/"
"Pi5 Laser Safety Glasses, 757 Zebra Frame","https://innovativeoptics.com/product/pi5-laser-safety-glasses-757-zebra-frame/"
"Pi4 Laser Safety Glasses, 757 Zebra Frame","https://innovativeoptics.com/product/pi4-laser-safety-glasses-757-zebra-frame/"
"Pi3 Laser Safety Glasses, 757 Zebra Frame","https://innovativeoptics.com/product/pi3-laser-safety-glasses-757-zebra-frame/"
"Gi1 Laser Safety Glasses, 757 Zebra Frame","https://innovativeoptics.com/product/gi1-laser-safety-glasses-757-zebra-frame/"
"Pi1 Laser Safety Glasses, 757 Zebra Frame","https://innovativeoptics.com/product/pi1-laser-safety-glasses-757-zebra-frame/"
"PP16, Renegade Laser Insert","https://innovativeoptics.com/product/pp16-renegade-laser-insert/"
"Pi18, Renegade Laser Insert","https://innovativeoptics.com/product/pi18-renegade-laser-insert/"
"Pi11, Renegade Laser Insert","https://innovativeoptics.com/product/pi11-renegade-laser-insert/"
"Pi10, Renegade Laser Insert","https://innovativeoptics.com/product/pi10-renegade-laser-insert/"
"Pi5, Renegade Laser Insert","https://innovativeoptics.com/product/pi5-renegade-laser-insert/"
"Pi3, Renegade Laser Insert","https://innovativeoptics.com/product/pi3-renegade-laser-insert/"
"Hard Cover IPL & Laser Eyewear Case","https://innovativeoptics.com/product/hard-cover-ipl-laser-eyewear-case/"
"Pi17, Renegade Laser Insert","https://innovativeoptics.com/product/pi17-renegade-laser-insert/"
"Pi19, Renegade Laser Insert","https://innovativeoptics.com/product/pi19-renegade-laser-insert/"
"Pi19 Laser Glasses, 701 Gunmetal Gray Frame","https://innovativeoptics.com/product/pi19-laser-glasses-701-gunmetal-frame/"
"Pi19 Laser Glasses, 701 White Frame","https://innovativeoptics.com/product/pi19-laser-glasses-701-white-frame/"
"Pi19 Laser Glasses, 701 Blue Frame","https://innovativeoptics.com/product/pi19-laser-glasses-701-blue-frame/"
"Pi19 Laser Glasses, 701 Green Frame","https://innovativeoptics.com/product/pi19-laser-glasses-701-green-frame/"
"MXS.Pi19 (Pediatric Small) Laser Glasses","https://innovativeoptics.com/product/mxs-pi19-pediatric-small-laser-glasses/"
"Pi19 Laser Glasses, 701 Red Frame","https://innovativeoptics.com/product/pi19-laser-glasses-701-red-frame/"
"Primo.Pi19 Laser Inserts","https://innovativeoptics.com/product/primo-pi19-laser-inserts/"
"Pi19 Laser Glasses, 701 Zebra Frame","https://innovativeoptics.com/product/pi19-laser-glasses-701-zebra-frame/"
"Pi19 Laser Safety Glasses, 757 Gunmetal Gray Frame","https://innovativeoptics.com/product/pi19-laser-safety-glasses-757-gunmetal-frame/"
"Pi19 Laser Safety Glasses, 757 White Frame","https://innovativeoptics.com/product/pi19-laser-safety-glasses-757-white-frame/"
"Pi19 Laser Safety Glasses, 757 Purple Frame","https://innovativeoptics.com/product/pi19-laser-safety-glasses-757-purple-frame/"
"Pi19 Laser Glasses, 701 Purple Frame","https://innovativeoptics.com/product/pi19-laser-glasses-701-purple-frame/"
"Pi19 Laser Safety Glasses, 757 Blue Frame","https://innovativeoptics.com/product/pi19-laser-safety-glasses-757-blue-frame/"
"Pi19 Laser Safety Glasses, 757 Red Frame","https://innovativeoptics.com/product/pi19-laser-safety-glasses-757-red-frame/"
"MXM.Pi19 (Pediatric Medium) Laser Glasses","https://innovativeoptics.com/product/mxm-pi19-pediatric-medium-laser-glasses/"
"MXL.Pi19 (Teenager to Small Adult) Laser Glasses","https://innovativeoptics.com/product/mxl-pi19-laser-glasses/"
"Sani-Care Hospital Disinfectant Spray (BOGO)","https://innovativeoptics.com/product/sani-care-hospital-disinfectant-spray-bogo/"
"Sani-Care Hospital Disinfectant Gallon (BOGO)","https://innovativeoptics.com/product/sani-care-hospital-disinfectant-gallon-bogo/"
"Pi4 Laser Safety Glasses, 757 Red Frame","https://innovativeoptics.com/product/pi4-laser-safety-glasses-757-red-frame/"
"Pi4 Laser Safety Glasses, 757 Blue Frame","https://innovativeoptics.com/product/pi4-laser-safety-glasses-757-blue-frame/"
"Pi3 Laser Safety Glasses, 757 Red Frame","https://innovativeoptics.com/product/pi3-laser-safety-glasses-757-red-frame/"
"Pi3 Laser Safety Glasses, 757 Blue Frame","https://innovativeoptics.com/product/pi3-laser-safety-glasses-757-blue-frame/"
"Pi5 Laser Safety Glasses, 757 Blue Frame","https://innovativeoptics.com/product/pi5-laser-safety-glasses-757-blue-frame/"
"Pi8 Laser Safety Glasses, 757 Red Frame","https://innovativeoptics.com/product/pi8-laser-safety-glasses-757-red-frame/"
"Pi16 Laser Safety Glasses, 757 Blue Frame","https://innovativeoptics.com/product/pi16-laser-safety-glasses-757-blue-frame/"
"Pi18 Laser Safety Glasses, 757 Purple Frame","https://innovativeoptics.com/product/pi18-laser-safety-glasses-757-purple-frame/"
"Pi18 Laser Safety Glasses, 757 Red Frame","https://innovativeoptics.com/product/pi18-laser-safety-glasses-757-red-frame/"
"Pi18 Laser Safety Glasses, 757 Blue Frame","https://innovativeoptics.com/product/pi18-laser-safety-glasses-757-blue-frame/"
"Pi16 Laser Safety Glasses, 757 Purple Frame","https://innovativeoptics.com/product/pi16-laser-safety-glasses-757-purple-frame/"
"Pi16 Laser Safety Glasses, 757 Red Frame","https://innovativeoptics.com/product/pi16-laser-safety-glasses-757-red-frame/"
"Pi17 Laser Safety Glasses, 757 Purple Frame","https://innovativeoptics.com/product/pi17-laser-safety-glasses-757-purple-frame/"
"Pi17 Laser Safety Glasses, 757 Blue Frame","https://innovativeoptics.com/product/pi17-laser-safety-glasses-757-blue-frame/"
"Pi17 Laser Safety Glasses, 757 Red Frame","https://innovativeoptics.com/product/pi17-laser-safety-glasses-757-red-frame/"
"Pi11 Laser Safety Glasses, 757 Red Frame","https://innovativeoptics.com/product/pi11-laser-safety-glasses-757-red-frame/"
"Pi11 Laser Safety Glasses, 757 Purple Frame","https://innovativeoptics.com/product/pi11-laser-safety-glasses-757-purple-frame/"
"Pi11 Laser Safety Glasses, 757 Blue Frame","https://innovativeoptics.com/product/pi11-laser-safety-glasses-757-blue-frame/"
"Pi10 Laser Safety Glasses, 757 Blue Frame","https://innovativeoptics.com/product/pi10-laser-safety-glasses-757-blue-frame/"
"Pi10 Laser Safety Glasses, 757 Purple Frame","https://innovativeoptics.com/product/pi10-laser-safety-glasses-757-purple-frame/"
"Pi10 Laser Safety Glasses, 757 Red Frame","https://innovativeoptics.com/product/pi10-laser-safety-glasses-757-red-frame/"
"Pi8 Laser Safety Glasses, 757 Purple Frame","https://innovativeoptics.com/product/pi8-laser-safety-glasses-757-purple-frame/"
"Pi8 Laser Safety Glasses, 757 Blue Frame","https://innovativeoptics.com/product/pi8-laser-safety-glasses-757-blue-frame/"
"Pi7 Laser Safety Glasses, 757 Purple Frame","https://innovativeoptics.com/product/pi7-laser-safety-glasses-757-purple-frame/"
"Pi7 Laser Safety Glasses, 757 Red Frame","https://innovativeoptics.com/product/pi7-laser-safety-glasses-757-red-frame/"
"Pi7 Laser Safety Glasses, 757 Blue Frame","https://innovativeoptics.com/product/pi7-laser-safety-glasses-757-blue-frame/"
"Pi5 Laser Safety Glasses, 757 Purple Frame","https://innovativeoptics.com/product/pi5-laser-safety-glasses-757-purple-frame/"
"Pi5 Laser Safety Glasses, 757 Red Frame","https://innovativeoptics.com/product/pi5-laser-safety-glasses-757-red-frame/"
"Pi4 Laser Safety Glasses, 757 Purple Frame","https://innovativeoptics.com/product/pi4-laser-safety-glasses-757-purple-frame/"
"Pi3 Laser Safety Glasses, 757 Purple Frame","https://innovativeoptics.com/product/pi3-laser-safety-glasses-757-purple-frame/"
"Pi1 Laser Safety Glasses, 757 Purple Frame","https://innovativeoptics.com/product/pi1-laser-safety-glasses-757-purple-frame/"
"Pi1 Laser Safety Glasses, 757 Red Frame","https://innovativeoptics.com/product/pi1-laser-safety-glasses-757-red-frame/"
"Pi1 Laser Safety Glasses, 757 Blue Frame","https://innovativeoptics.com/product/pi1-laser-safety-glasses-757-blue-frame/"
"Gi1 Laser Safety Glasses, 757 Blue Frame","https://innovativeoptics.com/product/gi1-laser-safety-glasses-757-blue-frame/"
"Gi1 Laser Safety Glasses, 757 Purple Frame","https://innovativeoptics.com/product/gi1-laser-safety-glasses-757-purple-frame/"
"Gi1 Laser Safety Glasses, 757 Red Frame","https://innovativeoptics.com/product/gi1-laser-safety-glasses-757-red-frame/"
"Gi1 Laser Safety Glasses, 757 Gunmetal Gray Frame","https://innovativeoptics.com/product/gi1-laser-safety-glasses-757-gunmetal-frame/"
"Gi1 Laser Safety Glasses, 757 White Frame","https://innovativeoptics.com/product/gi1-laser-safety-glasses-757-white-frame/"
"Pi18 Laser Safety Glasses, 757 Gunmetal Gray Frame","https://innovativeoptics.com/product/pi18-laser-safety-glasses-757-gunmetal-frame/"
"Pi18 Laser Safety Glasses, 757 White Frame","https://innovativeoptics.com/product/pi18-laser-safety-glasses-757-white-frame/"
"Pi17 Laser Safety Glasses, 757 Gunmetal Gray Frame","https://innovativeoptics.com/product/pi17-laser-safety-glasses-757-gunmetal-frame/"
"Pi17 Laser Safety Glasses, 757 White Frame","https://innovativeoptics.com/product/pi17-laser-safety-glasses-757-white-frame/"
"Pi16 Laser Safety Glasses, 757 Gunmetal Gray Frame","https://innovativeoptics.com/product/pi16-laser-safety-glasses-757-gunmetal-frame/"
"Pi16 Laser Safety Glasses, 757 White Frame","https://innovativeoptics.com/product/pi16-laser-safety-glasses-757-white-frame/"
"Pi11 Laser Safety Glasses, 757 Gunmetal Gray Frame","https://innovativeoptics.com/product/pi11-laser-safety-glasses-757-gunmetal-frame/"
"Pi11 Laser Safety Glasses, 757 White Frame","https://innovativeoptics.com/product/pi11-laser-safety-glasses-757-white-frame/"
"Pi10 Laser Safety Glasses, 757 Gunmetal Gray Frame","https://innovativeoptics.com/product/pi10-laser-safety-glasses-757-gunmetal-frame/"
"Pi10 Laser Safety Glasses, 757 White Frame","https://innovativeoptics.com/product/pi10-laser-safety-glasses-757-white-frame/"
"Pi8 Laser Safety Glasses, 757 White Frame","https://innovativeoptics.com/product/pi8-laser-safety-glasses-757-white-frame/"
"Pi5 Laser Safety Glasses, 757 Gunmetal Gray Frame","https://innovativeoptics.com/product/pi5-laser-safety-glasses-757-gunmetal-frame/"
"Pi7 Laser Safety Glasses, 757 White Frame","https://innovativeoptics.com/product/pi7-laser-safety-glasses-757-white-frame/"
"Pi7 Laser Safety Glasses, 757 Gunmetal Gray Frame","https://innovativeoptics.com/product/pi7-laser-safety-glasses-757-gunmetal-frame/"
"Pi8 Laser Safety Glasses, 757 Gunmetal Gray Frame","https://innovativeoptics.com/product/pi8-laser-safety-glasses-757-gunmetal-frame/"
"Pi5 Laser Safety Glasses, 757 White Frame","https://innovativeoptics.com/product/pi5-laser-safety-glasses-757-white-frame/"
"Pi4 Laser Safety Glasses, 757 Gunmetal Gray Frame","https://innovativeoptics.com/product/pi4-laser-safety-glasses-757-gunmetal-frame/"
"Pi4 Laser Safety Glasses, 757 White Frame","https://innovativeoptics.com/product/pi4-laser-safety-glasses-757-white-frame/"
"Pi3 Laser Safety Glasses, 757 Gunmetal Gray Frame","https://innovativeoptics.com/product/pi3-laser-safety-glasses-757-gunmetal-frame/"
"Pi3 Laser Safety Glasses, 757 White Frame","https://innovativeoptics.com/product/pi3-laser-safety-glasses-757-white-frame/"
"Pi1 Laser Safety Glasses, 757 Gunmetal Gray Frame","https://innovativeoptics.com/product/pi1-laser-safety-glasses-757-gunmetal-frame/"
"Pi1 Laser Safety Glasses, 757 White Frame","https://innovativeoptics.com/product/pi1-laser-safety-glasses-757-white-frame/"
"MXS.Pi18 (Pediatric Small) Laser Glasses","https://innovativeoptics.com/product/mxs-pi18-pediatric-small-laser-glasses/"
"MXM.Pi18 (Pediatric Medium) Laser Glasses","https://innovativeoptics.com/product/mxm-pi18-pediatric-medium-laser-glasses/"
"MXL.Pi18 (Teenager to Small Adult) Laser Glasses","https://innovativeoptics.com/product/mxl-pi18-teenager-to-small-adult-laser-glasses/"
"C740.Gi2 Purple Laser Eye Protection","https://innovativeoptics.com/product/c740-gi2-purple-laser-eye-protection/"
"C740.Gi2 White Laser Eye Protection","https://innovativeoptics.com/product/c740-gi2-white-laser-eye-protection/"
"C740.Gi2 Blue Laser Eye Protection","https://innovativeoptics.com/product/c740-gi2-blue-laser-eye-protection/"
"C740.Gi2 Red Laser Eye Protection","https://innovativeoptics.com/product/c740-gi2-red-laser-eye-protection/"
"Pi18 Laser Glasses, 701 Zebra Frame","https://innovativeoptics.com/product/pi18-laser-glasses-701-zebra-frame/"
"Pi18 Laser Glasses, 701 Red Frame","https://innovativeoptics.com/product/pi18-laser-glasses-701-red-frame/"
"Pi18 Laser Glasses, 701 Green Frame","https://innovativeoptics.com/product/pi18-laser-glasses-701-green-frame/"
"Pi18 Laser Glasses, 701 Purple Frame","https://innovativeoptics.com/product/pi18-laser-glasses-701-purple-frame/"
"Pi18 Laser Glasses, 701 Gunmetal Gray Frame","https://innovativeoptics.com/product/pi18-laser-glasses-701-gunmetal-frame/"
"Pi18 Laser Glasses, 701 Blue Frame","https://innovativeoptics.com/product/pi18-laser-glasses-701-blue-frame/"
"Pi18 Laser Glasses, 701 White Frame","https://innovativeoptics.com/product/pi18-laser-glasses-701-white-frame/"
"Pi17 Laser Glasses, 701 Purple Frame","https://innovativeoptics.com/product/pi17-laser-glasses-701-purple-frame/"
"Pi17 Laser Glasses, 701 Green Frame","https://innovativeoptics.com/product/pi17-laser-glasses-701-green-frame/"
"Pi17 Laser Glasses, 701 Red Frame","https://innovativeoptics.com/product/pi17-laser-glasses-701-red-frame/"
"Pi17 Laser Glasses, 701 Gunmetal Gray Frame","https://innovativeoptics.com/product/pi17-laser-glasses-701-gunmetal-frame/"
"Pi17 Laser Glasses, 701 White Frame","https://innovativeoptics.com/product/pi17-laser-glasses-701-white-frame/"
"Pi17 Laser Glasses, 701 Blue Frame","https://innovativeoptics.com/product/pi17-laser-glasses-701-blue-frame/"
"Pi17 Laser Glasses, 701 Zebra Frame","https://innovativeoptics.com/product/pi17-laser-glasses-701-zebra-frame/"
"C740.GiT7 Red Laser Eye Protection","https://innovativeoptics.com/product/c740-git7-red-laser-eye-protection/"
"C740.GiT7 Purple Laser Eye Protection","https://innovativeoptics.com/product/c740-git7-purple-laser-eye-protection/"
"C740.GiT7 Blue Laser Eye Protection","https://innovativeoptics.com/product/c740-git7-blue-laser-eye-protection/"
"C740.GiT7 White Laser Eye Protection","https://innovativeoptics.com/product/c740-git7-white-laser-eye-protection/"
"C740.GiT5 Red Laser Eye Protection","https://innovativeoptics.com/product/c740-git5-red-laser-eye-protection/"
"C740.GiT5 Purple Laser Eye Protection","https://innovativeoptics.com/product/c740-git5-purple-laser-eye-protection/"
"C740.GiT5 Blue Laser Eye Protection","https://innovativeoptics.com/product/c740-git5-blue-laser-eye-protection/"
"C740.GiT5 White Laser Eye Protection","https://innovativeoptics.com/product/c740-git5-white-laser-eye-protection/"
"C740.GiT1 Red Laser Eye Protection","https://innovativeoptics.com/product/c740-git1-red-laser-eye-protection/"
"C740.GiT1 Purple Laser Eye Protection","https://innovativeoptics.com/product/c740-git1-purple-laser-eye-protection/"
"C740.GiT1 Blue Laser Eye Protection","https://innovativeoptics.com/product/c740-git1-blue-laser-eye-protection/"
"C740.GiT1 White Laser Eye Protection","https://innovativeoptics.com/product/c740-git1-white-laser-eye-protection/"
"Gi1 Laser Glasses, 701 Zebra Frame","https://innovativeoptics.com/product/gi1-laser-glasses-701-zebra-frame/"
"Pi16 Laser Glasses, 701 Zebra Frame","https://innovativeoptics.com/product/pi16-laser-glasses-701-zebra-frame/"
"PP16 Curing Light Laser Glasses, 701 Zebra Frame","https://innovativeoptics.com/product/pp16-curing-light-eyewear-laser-glasses-701-zebra-frame/"
"Pi10 Laser Glasses, 701 Zebra Frame","https://innovativeoptics.com/product/pi10-laser-glasses-701-zebra-frame/"
"Pi8 Laser Glasses, 701 Zebra Frame","https://innovativeoptics.com/product/pi8-laser-glasses-701-zebra-frame/"
"Pi7 Laser Glasses, 701 Zebra Frame","https://innovativeoptics.com/product/pi7-laser-glasses-701-zebra-frame/"
"Pi5 Laser Glasses, 701 Zebra Frame","https://innovativeoptics.com/product/pi5-laser-glasses-701-zebra-frame/"
"Pi3 Laser Glasses, 701 Zebra Frame","https://innovativeoptics.com/product/pi3-laser-glasses-701-zebra-frame/"
"Pi1 Laser Glasses, 701 Zebra Frame","https://innovativeoptics.com/product/1-pi1-laser-glasses-701-zebra-frame/"
"Pi4 Laser Glasses, 701 Zebra Frame","https://innovativeoptics.com/product/pi4-laser-glasses-701-zebra-frame/"
"Shade 3 IPL Glasses, 701 Zebra frame","https://innovativeoptics.com/product/ipl-shade-3-laser-glasses-701-zebra-frame/"
"Shade 5 IPL Glasses, 701 Zebra frame","https://innovativeoptics.com/product/ipl-shade-5-laser-glasses-701-zebra-frame/"
"Pi11 Laser Glasses, 701 Zebra Frame","https://innovativeoptics.com/product/pi11-laser-glasses-701-zebra-frame/"
"Renegade Frame","https://innovativeoptics.com/product/renegade/"
"C740.Gi2 Gunmetal Gray Laser Eye Protection","https://innovativeoptics.com/product/740-gi2-laser-eye-protection/"
"C740.GiT7 Gunmetal Gray Laser Eye Protection","https://innovativeoptics.com/product/740-git7-laser-eye-protection/"
"C740.GiT5 Gunmetal Gray Laser Eye Protection","https://innovativeoptics.com/product/740-git5-laser-eye-protection/"
"C740.GiT1 Gunmetal Gray Laser Eye Protection","https://innovativeoptics.com/product/740-git1-laser-eye-protection/"
"Primo.GiT1 Laser Inserts","https://innovativeoptics.com/product/primo-git1-laser-inserts/"
"White Silicone Straps","https://innovativeoptics.com/product/white-silicone-straps/"
"BBCE Patient Goggle","https://innovativeoptics.com/product/bbce/"
"Primo.Pi4 Laser Inserts","https://innovativeoptics.com/product/primo-pi4-laser-inserts/"
"Primo Curing Light Laser Inserts","https://innovativeoptics.com/product/primo-curinglight-laser-inserts/"
"Primo.GiT7 Laser Inserts","https://innovativeoptics.com/product/primo-git7-laser-inserts/"
"Primo.GiT5 Laser Inserts","https://innovativeoptics.com/product/primo-git5-laser-inserts/"
"Primo.Gi1 Laser Inserts","https://innovativeoptics.com/product/primo-gi1-laser-inserts/"
"Pi11 Laser Glasses, 701 Green Frame","https://innovativeoptics.com/product/pi11-laser-glasses-701green-frame/"
"MXL.Pi11 (Teenager to Small Adult) Laser Glasses","https://innovativeoptics.com/product/pi11-laser-glasses-mxl-frame/"
"MXM.Pi11 (Pediatric Medium) Laser Glasses","https://innovativeoptics.com/product/pi11-laser-glasses-mxm-frame/"
"MXS.Pi11 (Pediatric Small) Laser Glasses","https://innovativeoptics.com/product/pi11-laser-glasses-mxs-frame/"
"Pi11 Laser Glasses, 701 Gunmetal Gray Frame","https://innovativeoptics.com/product/pi11-laser-glasses-701g-frame/"
"Pi11 Laser Glasses, 701 White Frame","https://innovativeoptics.com/product/pi11-laser-glasses-701w-frame/"
"Pi11 Laser Glasses, 701 Blue Frame","https://innovativeoptics.com/product/pi11-laser-glasses-701blue-frame/"
"Pi11 Laser Glasses, 701 Purple Frame","https://innovativeoptics.com/product/pi11-laser-glasses-701purple-frame/"
"Pi11 Laser Glasses, 701 Red Frame","https://innovativeoptics.com/product/pi11-laser-glasses-701rose-frame/"
"Shade 5 IPL Glasses, 701 White Frame","https://innovativeoptics.com/product/ipl-shade-5-laser-glasses-701w-frame/"
"Shade 3 IPL Glasses, 701 White Frame","https://innovativeoptics.com/product/ipl-shade-3-laser-glasses-701w-frame/"
"Shade 5 IPL Glasses, 701 Red Frame","https://innovativeoptics.com/product/ipl-shade-5-laser-glasses-701red-frame/"
"Shade 3 IPL Glasses, 701 Red Frame","https://innovativeoptics.com/product/ipl-shade-3-laser-glasses-701red-frame/"
"Shade 5 IPL Glasses, 701 Purple Frame","https://innovativeoptics.com/product/ipl-shade-5-laser-glasses-701purple-frame/"
"Shade 3 IPL Glasses, 701 Purple Frame","https://innovativeoptics.com/product/ipl-shade-3-laser-glasses-701purple-frame/"
"Shade 5 IPL Glasses, 701 Blue Frame","https://innovativeoptics.com/product/ipl-shade-5-laser-glasses-701blue-frame/"
"Shade 3 IPL Glasses, 701 Blue Frame","https://innovativeoptics.com/product/ipl-shade-3-laser-glasses-701blue-frame/"
"Shade 5 IPL Glasses, 701 Green Frame","https://innovativeoptics.com/product/ipl-shade-5-laser-glasses-701green-frame/"
"Shade 5 IPL Glasses, 701 Gunmetal Gray Frame","https://innovativeoptics.com/product/ipl-shade-5-laser-glasses-701g-frame/"
"Shade 3 IPL Glasses, 701 Gunmetal Gray Frame","https://innovativeoptics.com/product/ipl-shade-3-laser-glasses-701g-frame/"
"Shade 3 IPL Glasses, 701 Green Frame","https://innovativeoptics.com/product/ipl-shade-3-laser-glasses-701green-frame/"
"7x2.Pi10 Fit-Over Laser Glasses","https://innovativeoptics.com/product/pi10-7x2-laser-frame/"
"8x2 IPL 5 Glasses","https://innovativeoptics.com/product/8x2-ipl-5-glasses/"
"8x2 IPL 3 Glasses","https://innovativeoptics.com/product/8x2-ipl-3-glasses/"
"Pi1 Laser Glasses, 701 Red Frame","https://innovativeoptics.com/product/1-pi1-laser-glasses-701red-frame/"
"Pi3 Laser Glasses, 701 Red Frame","https://innovativeoptics.com/product/pi3-laser-glasses-701red-frame/"
"Pi4 Laser Glasses, 701 Red Frame","https://innovativeoptics.com/product/pi4-laser-glasses-701red-frame/"
"Pi5 Laser Glasses, 701 Red Frame","https://innovativeoptics.com/product/pi5-laser-glasses-701rose-frame/"
"Pi7 Laser Glasses, 701 Red Frame","https://innovativeoptics.com/product/pi7-laser-glasses-701red-frame/"
"Pi8 Laser Glasses, 701 Red Frame","https://innovativeoptics.com/product/pi8-laser-glasses-701red-frame/"
"Pi10 Laser Glasses, 701 Red Frame","https://innovativeoptics.com/product/pi10-laser-glasses-701red-frame/"
"PP16 Curing Light Laser Glasses, 701 Red Frame","https://innovativeoptics.com/product/pp16-laser-glasses-701red-frame/"
"Pi16 Laser Glasses, 701 Red Frame","https://innovativeoptics.com/product/pi16-laser-glasses-701red-frame/"
"Gi1 Laser Glasses, 701 Red Frame","https://innovativeoptics.com/product/gi1-laser-glasses-701red-frame/"
"Pi1 Laser Glasses, 701 Purple Frame","https://innovativeoptics.com/product/1-pi1-laser-glasses-701purple-frame/"
"Pi3 Laser Glasses, 701 Purple Frame","https://innovativeoptics.com/product/pi3-laser-glasses-701purple-frame/"
"Pi4 Laser Glasses, 701 Purple Frame","https://innovativeoptics.com/product/pi4-laser-glasses-701purple-frame/"
"Pi5 Laser Glasses, 701 Purple Frame","https://innovativeoptics.com/product/pi5-laser-glasses-701purple-frame/"
"Pi7 Laser Glasses, 701 Purple Frame","https://innovativeoptics.com/product/pi7-laser-glasses-701purple-frame/"
"Pi8 Laser Glasses, 701 Purple Frame","https://innovativeoptics.com/product/pi8-laser-glasses-701purple-frame/"
"Pi10 Laser Glasses, 701 Purple Frame","https://innovativeoptics.com/product/pi10-laser-glasses-701purple-frame/"
"PP16 Curing Light Laser Glasses, 701 Purple Frame","https://innovativeoptics.com/product/pp16-laser-glasses-701purple-frame/"
"Pi16 Laser Glasses, 701 Purple Frame","https://innovativeoptics.com/product/pi16-laser-glasses-701purple-frame/"
"Gi1 Laser Glasses, 701 Purple Frame","https://innovativeoptics.com/product/gi1-laser-glasses-701purple-frame/"
"Pi4 Laser Glasses, 701 Green Frame","https://innovativeoptics.com/product/pi4-laser-glasses-701green-frame/"
"Pi1 Laser Glasses, 701 Green Frame","https://innovativeoptics.com/product/1-pi1-laser-glasses-701green-frame/"
"Pi3 Laser Glasses, 701 Green Frame","https://innovativeoptics.com/product/pi3-laser-glasses-701green-frame/"
"Pi5 Laser Glasses, 701 Green Frame","https://innovativeoptics.com/product/pi5-laser-glasses-701green-frame/"
"Pi7 Laser Glasses, 701 Green Frame","https://innovativeoptics.com/product/pi7-laser-glasses-701green-frame/"
"Pi8 Laser Glasses, 701 Green Frame","https://innovativeoptics.com/product/pi8-laser-glasses-701green-frame/"
"Pi10 Laser Glasses, 701 Green Frame","https://innovativeoptics.com/product/pi10-laser-glasses-701green-frame/"
"PP16 Curing Light Laser Glasses, 701 Green Frame","https://innovativeoptics.com/product/pp16-laser-glasses-701green-frame/"
"Pi16 Laser Glasses, 701 Green Frame","https://innovativeoptics.com/product/pi16-laser-glasses-701green-frame/"
"Gi1 Laser Glasses, 701 Green Frame","https://innovativeoptics.com/product/gi1-laser-glasses-701green-frame/"
"Pi1 Laser Glasses, 701 Blue Frame","https://innovativeoptics.com/product/1-pi1-laser-glasses-701blue-frame/"
"Pi3 Laser Glasses, 701 Blue Frame","https://innovativeoptics.com/product/pi3-laser-glasses-701blue-frame/"
"Pi4 Laser Glasses, 701 Blue Frame","https://innovativeoptics.com/product/pi4-laser-glasses-701blue-frame/"
"Pi5 Laser Glasses, 701 Blue Frame","https://innovativeoptics.com/product/pi5-laser-glasses-701blue-frame/"
"Pi7 Laser Glasses, 701 Blue Frame","https://innovativeoptics.com/product/pi7-laser-glasses-701blue-frame/"
"Pi8 Laser Glasses, 701 Blue Frame","https://innovativeoptics.com/product/pi8-laser-glasses-701blue-frame/"
"Pi10 Laser Glasses, 701 Blue Frame","https://innovativeoptics.com/product/pi10-laser-glasses-701blue-frame/"
"PP16 Curing Light Laser Glasses, 701 Blue Frame","https://innovativeoptics.com/product/pp16-laser-glasses-701blue-frame/"
"Pi16 Laser Glasses, 701 Blue Frame","https://innovativeoptics.com/product/pi16-laser-glasses-701blue-frame/"
"Gi1 Laser Glasses, 701 Blue Frame","https://innovativeoptics.com/product/gi1-laser-glasses-701blue-frame/"
"Laser Vee-Shield, Disposable Patient Eye Protection","https://innovativeoptics.com/product/laser-vee-shield-disposable-patient-protection/"
"IPL Vee-Shield, Disposable Patient Eye Protection","https://innovativeoptics.com/product/ipl-vee-shield-disposable-patient-eye-protection/"
"7x2.Pi7 Fit-Over Laser Glasses","https://innovativeoptics.com/product/pi7-7x2-laser-frame/"
"7x2.Pi3 Fit-Over Laser Glasses","https://innovativeoptics.com/product/pi3-7x2-laser-frame/"
"7x2.Pi1 Fit-Over Laser Glasses","https://innovativeoptics.com/product/pi1-7x2-dental-laser-glasses/"
"PTCEIII-Blue Adjustable Patient Goggle","https://innovativeoptics.com/product/ptceiii-blue-adjustable-patient-goggle/"
"Laser-Aid, Disposable Patient Eye Protection","https://innovativeoptics.com/product/laser-aid-disposable-patient-protection/"
"7x2.Pi4 Fit-Over Laser Glasses","https://innovativeoptics.com/product/pi4-7x2-laser-frame/"
"Gi1 Laser Glasses, 701 White Frame","https://innovativeoptics.com/product/gi1-laser-glasses-701w-frame/"
"Pi16 Laser Glasses, 701 White Frame","https://innovativeoptics.com/product/pi16-laser-glasses-701w-frame/"
"PP16 Curing Light Laser Glasses, 701 White Frame","https://innovativeoptics.com/product/pp16-laser-glasses-701w-frame/"
"Pi10 Laser Glasses, 701 White Frame","https://innovativeoptics.com/product/pi10-laser-glasses-701w-frame/"
"Pi8 Laser Glasses, 701 White Frame","https://innovativeoptics.com/product/pi8-laser-glasses-701w-frame/"
"Pi7 Laser Glasses, 701 White Frame","https://innovativeoptics.com/product/pi7-laser-glasses-701w-frame/"
"Pi5 Laser Glasses, 701 White Frame","https://innovativeoptics.com/product/pi5-laser-glasses-701w-frame/"
"Pi4 Laser Glasses, 701 White Frame","https://innovativeoptics.com/product/pi4-laser-glasses-701w-frame/"
"Pi3 Laser Glasses, 701 White Frame","https://innovativeoptics.com/product/pi3-laser-glasses-701w-frame/"
"Pi1 Laser Glasses, 701 White Frame","https://innovativeoptics.com/product/pi1-laser-glasses-701w-frame/"
"Gi1 Laser Glasses, 701 Gunmetal Gray Frame","https://innovativeoptics.com/product/gi1-laser-glasses-701g-frame/"
"Pi16 Laser Glasses, 701 Gunmetal Gray Frame","https://innovativeoptics.com/product/pi16-laser-glasses-701g-frame/"
"PP16 Curing Light Laser Glasses, 701 Gunmetal Gray Frame","https://innovativeoptics.com/product/pp16-laser-glasses-701g-frame/"
"Pi10 Laser Glasses, 701 Gunmetal Gray Frame","https://innovativeoptics.com/product/pi10-laser-glasses-701g-frame/"
"Pi8 Laser Glasses, 701 Gunmetal Gray Frame","https://innovativeoptics.com/product/pi8-laser-glasses-701g-frame/"
"Pi7 Laser Glasses, 701 Gunmetal Gray Frame","https://innovativeoptics.com/product/pi7-laser-glasses-701g-frame/"
"Pi5 Laser Glasses, 701 Gunmetal Gray Frame","https://innovativeoptics.com/product/pi5-laser-glasses-701g-frame/"
"Pi4 Laser Glasses, 701 Gunmetal Gray Frame","https://innovativeoptics.com/product/pi4-laser-glasses-701g-frame/"
"Pi3 Laser Glasses, 701 Gunmetal Gray Frame","https://innovativeoptics.com/product/pi3-laser-glasses-701g-frame/"
"Pi1 Laser Glasses, 701 Gunmetal Gray Frame","https://innovativeoptics.com/product/pi1-laser-glasses-701g-frame/"
"MXL.Gi1 (Teenager to Small Adult) Laser Glasses","https://innovativeoptics.com/product/gi1-laser-glasses-mxl-frame/"
"MXM.Gi1 (Pediatric Medium) Laser Glasses","https://innovativeoptics.com/product/gi1-laser-glasses-mxm-frame/"
"MXS.Gi1 (Pediatric Small) Laser Glasses","https://innovativeoptics.com/product/gi1-laser-glasses-mxs-frame/"
"Hard Cover Eyewear Cases","https://innovativeoptics.com/product/hard-cases/"
"InView: Universal Magnifier Insert","https://innovativeoptics.com/product/inview-universal-magnifier-insert/"
"Silicone Eyecups - White","https://innovativeoptics.com/product/silicone-eyecups-white/"
"Black Straps","https://innovativeoptics.com/product/straps/"
"Gi1, Renegade Laser Insert","https://innovativeoptics.com/product/gi1-renegade-laser-insert/"
"MXS.Gi1 (Pediatric Small) Laser Glasses","https://innovativeoptics.com/product/gi1-3-2r-laser-glasses-mxs-frame/"
"MXM.Gi1 (Pediatric Medium) Laser Glasses","https://innovativeoptics.com/product/gi1-3-2r-laser-glasses-mxm-frame/"
"MXL.Gi1 (Teenager to Small Adult) Laser Glasses","https://innovativeoptics.com/product/gi1-3-2r-laser-glasses-mxl-frame/"
"MXS.Pi10 (Pediatric Small) Laser Glasses","https://innovativeoptics.com/product/pi10-laser-glasses-mxs-frame/"
"MXM.Pi10 (Pediatric Medium) Laser Glasses","https://innovativeoptics.com/product/pi10-laser-glasses-mxm-frame/"
"MXL.Pi10 (Teenager to Small Adult) Laser Glasses","https://innovativeoptics.com/product/pi10-laser-glasses-mxl-frame/"
"MXS.Pi8 (Pediatric Small) Laser Glasses","https://innovativeoptics.com/product/pi8-laser-glasses-mxs-frame/"
"MXM.Pi8 (Pediatric Medium) Laser Glasses","https://innovativeoptics.com/product/pi8-laser-glasses-mxm-frame/"
"MXL.Pi8 (Teenager to Small Adult) Laser Glasses","https://innovativeoptics.com/product/pi8-laser-glasses-mxl-frame/"
"MXS.Pi7 (Pediatric Small) Laser Glasses","https://innovativeoptics.com/product/pi7-laser-glasses-mxs-frame/"
"MXM.Pi7 (Pediatric Medium) Laser Glasses","https://innovativeoptics.com/product/pi7-laser-glasses-mxm-frame/"
"MXL.Pi7 (Teenager to Small Adult) Laser Glasses","https://innovativeoptics.com/product/pi7-laser-glasses-mxl-frame/"
"MXS.Pi5 (Pediatric Small) Laser Glasses","https://innovativeoptics.com/product/pi5-laser-glasses-mxs-frame/"
"MXM.Pi5 (Pediatric Medium) Laser Glasses","https://innovativeoptics.com/product/pi5-laser-glasses-mxm-frame/"
"MXL.Pi5 (Teenager to Small Adult) Laser Glasses","https://innovativeoptics.com/product/pi5-laser-glasses-mxl-frame/"
"MXS.Pi4 (Pediatric Small) Laser Glasses","https://innovativeoptics.com/product/pi4-laser-glasses-mxs-frame/"
"MXM.Pi4 (Pediatric Medium) Laser Glasses","https://innovativeoptics.com/product/pi4-laser-glasses-mxm-frame/"
"MXL.Pi4 (Teenager to Small Adult) Laser Glasses","https://innovativeoptics.com/product/pi4-laser-glasses-mxl-frame/"
"MXS.Pi3 (Pediatric Small) Laser Glasses","https://innovativeoptics.com/product/pi3-laser-glasses-mxs-frame/"
"MXM.Pi3 (Pediatric Medium) Laser Glasses","https://innovativeoptics.com/product/pi3-laser-glasses-mxm-frame/"
"MXL.Pi3 (Teenager to Small Adult) Laser Glasses","https://innovativeoptics.com/product/pi3-laser-glasses-mxl-frame/"
"MXS.Pi1 (Pediatric Small) Laser Glasses","https://innovativeoptics.com/product/pi1-laser-glasses-mxs-frame/"
"MXM.Pi1 (Pediatric Medium) Laser Glasses","https://innovativeoptics.com/product/pi1-laser-glasses-mxm-frame/"
"MXL.Pi1 (Teenager to Small Adult) Laser Glasses","https://innovativeoptics.com/product/pi1-laser-glasses-mxl-frame/"
"MXS.Pi16 (Pediatric Small) Laser Glasses","https://innovativeoptics.com/product/pi16-laser-glasses-mxs-frame/"
"MXM.Pi16 (Pediatric Medium) Laser Glasses","https://innovativeoptics.com/product/pi16-laser-glasses-mxm-frame/"
"MXL.Pi16 (Teenager to Small Adult) Laser Glasses","https://innovativeoptics.com/product/pi16-laser-glasses-mxl-frame/"
"MXS.PP16 (Pediatric Small) Curing Light Glasses","https://innovativeoptics.com/product/pp16-curing-light-laser-glasses-mxs-frame/"
"MXM.PP16 (Pediatric Medium) Curing Light Glasses","https://innovativeoptics.com/product/pp16-laser-glasses-mxm-frame/"
"MXL.PP16 (Teenager to Small Adult) Curing Light Glasses","https://innovativeoptics.com/product/pp16-laser-glasses-mxl-frame/"
"Pi8, Renegade Laser Insert","https://innovativeoptics.com/product/pi8-renegade-laser-insert/"
"Pi4, Renegade Laser Insert","https://innovativeoptics.com/product/pi4-renegade-laser-insert/"
"Pi1, Renegade Laser Insert","https://innovativeoptics.com/product/pi1-renegade-laser-insert/"
"Steam - Laser Clip In","https://innovativeoptics.com/product/steam-laser-clip-in/"
"Nike Retro - Laser Clip In","https://innovativeoptics.com/product/nike-retro-laser-clip-in/"
"DVI Sport - Laser Clip In","https://innovativeoptics.com/product/dvi-sport-laser-clip-in/"
"Argon - Laser Clip In","https://innovativeoptics.com/product/argon-laser-clip-in/"
"Solea Laser Clip-In: ExamVision Icon™","https://innovativeoptics.com/product/solea-laser-clip-in-examvision-icon/"
"Solea Laser Clip-In: Surgitel Sundog™","https://innovativeoptics.com/product/solea-laser-clip-in-surgitel-sundog/"
"Solea Laser Clip-In: Surgitel Comfort Flex™","https://innovativeoptics.com/product/solea-laser-clip-in-surgitel-comfort-flex/"
"Solea Laser Clip-In: Surgitel Ergo™","https://innovativeoptics.com/product/solea-laser-clip-in-surgitel-ergo/"
"Solea Laser Clip-In: Surgitel Aero™","https://innovativeoptics.com/product/solea-laser-clip-in-surgitel-aero/"
"Solea Laser Clip-In: Lumadent Argon™","https://innovativeoptics.com/product/solea-laser-clip-in-lumadent-argon/"
"Solea Laser Clip-In: EyeMag Smart Sport™","https://innovativeoptics.com/product/solea-laser-clip-in-eyemag-smart-sport/"
"Solea Laser Clip-In: EyeMag Smart™","https://innovativeoptics.com/product/solea-laser-clip-in-eyemag-smart/"
"Solea Laser Clip-In: Univet 01™","https://innovativeoptics.com/product/solea-laser-clip-in-univet-01/"
"Solea Laser Clip-In: Univet Techne™","https://innovativeoptics.com/product/solea-laser-clip-in-univet-techne/"
"Solea Laser Clip-In: Univet Iris™","https://innovativeoptics.com/product/solea-laser-clip-in-univet-iris/"
"Solea Laser Clip-In: Univet Ash™","https://innovativeoptics.com/product/solea-laser-clip-in-univet-ash/"
"Solea Laser Clip-In: Univet 546™","https://innovativeoptics.com/product/solea-laser-clip-in-univet-546/"
"Solea Laser Clip-In: Ultra Light Optics Sport™","https://innovativeoptics.com/product/solea-laser-clip-in-ultra-light-optics-sport/"
"Solea Laser Clip-In: Ultra Light Optics Flat™","https://innovativeoptics.com/product/solea-laser-clip-in-ultra-light-optics-flat/"
"Solea Laser Clip-In: Oakley® Radar™","https://innovativeoptics.com/product/solea-laser-clip-in-oakley-radar/"
"Solea Laser Clip-In: Oakley® Half Jacket™","https://innovativeoptics.com/product/solea-laser-clip-in-oakley-half-jacket/"
"Solea Laser Clip-In: Surgitel Oakley® Flak Jacket™","https://innovativeoptics.com/product/solea-laser-clip-in-surgitel-oakley-flak-jacket/"
"Solea Laser Clip-In: Snap On Optics TTL™","https://innovativeoptics.com/product/solea-laser-clip-in-snap-on-optics-ttl/"
"Solea Laser Clip-In: Under Armour Zone™","https://innovativeoptics.com/product/solea-laser-clip-in-under-armour-zone/"
"Solea Laser Clip-In: Under Armour Surge™","https://innovativeoptics.com/product/solea-laser-clip-in-under-armour-surge/"
"Solea Laser Clip-In: Under Armour Igniter™","https://innovativeoptics.com/product/solea-laser-clip-in-under-armour-igniter/"
"Solea Laser Clip-In: Under Armour Enforcer™","https://innovativeoptics.com/product/solea-laser-clip-in-under-armour-enforcer/"
"Solea Laser Clip-In: Performance Titanium Square™","https://innovativeoptics.com/product/solea-laser-clip-in-performance-titanium-square/"
"Solea Laser Clip-In: Performance Titanium Oval™","https://innovativeoptics.com/product/solea-laser-clip-in-performance-titanium-oval/"
"Solea Laser Clip-In: Del Rey™","https://innovativeoptics.com/product/solea-laser-clip-in-del-rey/"
"Solea Laser Clip-In: Rose Titanium™","https://innovativeoptics.com/product/solea-laser-clip-in-rose-titanium/"
"Solea Laser Clip-In: Soft Touch™","https://innovativeoptics.com/product/solea-laser-clip-in-soft-touch/"
"Solea Laser Clip-In: Rose Safety™","https://innovativeoptics.com/product/solea-laser-clip-in-rose-safety/"
"Solea Laser Clip-In: Rose Aluminum™","https://innovativeoptics.com/product/solea-laser-clip-in-rose-aluminum/"
"Solea Laser Clip-In: Tifosi Roubiax™","https://innovativeoptics.com/product/solea-laser-clip-in-tifosi-roubiax/"
"Solea Laser Clip-In: Tifosi Pave™","https://innovativeoptics.com/product/solea-laser-clip-in-tifosi-pave/"
"Solea Laser Clip-In: Q-869™","https://innovativeoptics.com/product/solea-laser-clip-in-q-869/"
"Solea Laser Clip-In: Q-867™","https://innovativeoptics.com/product/solea-laser-clip-in-q-867/"
"Solea Laser Clip-In: Eclipse-Ti™","https://innovativeoptics.com/product/solea-laser-clip-in-eclipse-ti/"
"Solea Laser Clip-In: PeriOptix Ultralight Titanium™","https://innovativeoptics.com/product/solea-laser-clip-in-perioptix-ultralight-titanium/"
"Solea Laser Clip-In: PeriOptix Rimz™","https://innovativeoptics.com/product/solea-laser-clip-in-perioptix-rimz/"
"Solea Laser Clip-In: PeriOptix Hogies™","https://innovativeoptics.com/product/solea-laser-clip-in-perioptix-hogies/"
"Solea Laser Clip-In: PeriOptix Golf™","https://innovativeoptics.com/product/solea-laser-clip-in-perioptix-golf/"
"Solea Laser Clip-In: PeriOptix Adivista™","https://innovativeoptics.com/product/solea-laser-clip-in-perioptix-adivista/"
"Solea Laser Clip-In: Orascoptic XV1™","https://innovativeoptics.com/product/solea-laser-clip-in-orascoptic-xv1/"
"Solea Laser Clip-In: Orascoptic Victory™","https://innovativeoptics.com/product/solea-laser-clip-in-orascoptic-victory/"
"Solea Laser Clip-In: Orascoptic Titanium 02™","https://innovativeoptics.com/product/solea-laser-clip-in-orascoptic-titanium-02/"
"Solea Laser Clip-In: Orascoptic Titanium 01™","https://innovativeoptics.com/product/solea-laser-clip-in-orascoptic-titanium-01/"
"Solea Laser Clip-In: Orascoptic Rydon™ (Rudy Project®)","https://innovativeoptics.com/product/solea-laser-clip-in-orascoptic-rydon-rudy-project/"
"Solea Laser Clip-In: Orascoptic Revolution™","https://innovativeoptics.com/product/solea-laser-clip-in-orascoptic-revolution/"
"Solea Laser Clip-In: Orascoptic Rave™ (Rudy Project®)","https://innovativeoptics.com/product/solea-laser-clip-in-orascoptic-rave-rudy-project/"
"Solea Laser Clip-In: Oakley® Flak Jacket™","https://innovativeoptics.com/product/solea-laser-clip-in-oakley-flak-jacket/"
"Solea Laser Clip-In: Orascoptic Legend™","https://innovativeoptics.com/product/solea-laser-clip-in-orascoptic-legend/"
"Solea Laser Clip-In: Miltex® Sport Frame™","https://innovativeoptics.com/product/solea-laser-clip-in-miltex-sport-frame/"
"Solea Laser Clip-In: Keeler Sport Frame™","https://innovativeoptics.com/product/solea-laser-clip-in-keeler-sport-frame/"
"Solea Laser Clip-In: Heine S-Frame™","https://innovativeoptics.com/product/solea-laser-clip-in-heine-s-frame/"
"Solea Laser Clip-In: ExamVision Sport™","https://innovativeoptics.com/product/solea-laser-clip-in-examvision-sport/"
"Solea Laser Clip-In: ExamVision Essential™","https://innovativeoptics.com/product/solea-laser-clip-in-examvision-essential/"
"Solea Laser Clip-In: ExamVision Cosmo Deep™","https://innovativeoptics.com/product/solea-laser-clip-in-examvision-cosmo-deep/"
"Solea Laser Clip-In: ExamVision Cosmo™","https://innovativeoptics.com/product/solea-laser-clip-in-examvision-cosmo/"
"Solea Laser Clip-In: ExamVision Classic™","https://innovativeoptics.com/product/solea-laser-clip-in-examvision-classic/"
"Solea Laser Clip-In: Steam™","https://innovativeoptics.com/product/solea-laser-clip-in-steam/"
"Solea Laser Clip-In: Nike Retro™","https://innovativeoptics.com/product/solea-laser-clip-in-nike-retro/"
"Solea Laser Clip-In: DVI Sport™","https://innovativeoptics.com/product/solea-laser-clip-in-dvi-sport/"
"Solea Laser Clip-In: Yeoman™","https://innovativeoptics.com/product/solea-laser-clip-in-yeoman/"
"Solea Laser Clip-In: Titanium 062™","https://innovativeoptics.com/product/solea-laser-clip-in-titanium-062/"
"Solea Laser Clip-In: SkyView™","https://innovativeoptics.com/product/solea-laser-clip-in-skyview/"
"Solea Laser Clip-In: Nike® Skylon Ace™","https://innovativeoptics.com/product/solea-laser-clip-in-nike-skylon-ace/"
"Solea Laser Clip-In: Designer 109™","https://innovativeoptics.com/product/solea-laser-clip-in-designer-109/"
"Solea Laser Clip-In: Designer 047™","https://innovativeoptics.com/product/solea-laser-clip-in-designer-047/"
"Snap On Optics TTL Loupes - Laser Clip In","https://innovativeoptics.com/product/snap-on-optics-ttl-loupes-laser-clip-in/"
"Rave™ (Rudy Project®) - Laser Clip In","https://innovativeoptics.com/product/rave-rudy-project-laser-clip-in/"
"Keeler Sport Frame Laser Clip-In","https://innovativeoptics.com/product/keeler-sport-frame/"
"Miltex® Sport Frame Laser Clip-In","https://innovativeoptics.com/product/miltex-sport-frame/"
"S-Frame™ - Laser Clip In","https://innovativeoptics.com/product/s-frame-laser-clip-in/"
"546 - Laser Clip In","https://innovativeoptics.com/product/546-laser-clip-in/"
"Techne - Laser Clip In","https://innovativeoptics.com/product/techne-laser-clip-in/"
"Univet 01 - Laser Clip In","https://innovativeoptics.com/product/univet-01-laser-clip-in/"
"Iris - Laser Clip In","https://innovativeoptics.com/product/iris-laser-clip-in/"
"Ash - Laser Clip In","https://innovativeoptics.com/product/ash-laser-clip-in/"
"Sport - Laser Clip In","https://innovativeoptics.com/product/sport-laser-clip-in/"
"Cosmo Deep - Laser Clip In","https://innovativeoptics.com/product/cosmo-deep-laser-clip-in/"
"Cosmo - Laser Clip In","https://innovativeoptics.com/product/cosmo-laser-clip-in/"
"Classic - Laser Clip In","https://innovativeoptics.com/product/classic-laser-clip-in/"
"Ultralight Titanium™ - Laser Clip In","https://innovativeoptics.com/product/ultralight-titanium-laser-clip-in/"
"Rimz™ - Laser Clip In","https://innovativeoptics.com/product/rimz-laser-clip-in/"
"Golf - Laser Clip In","https://innovativeoptics.com/product/golf-laser-clip-in/"
"Hogies™ - Laser Clip In","https://innovativeoptics.com/product/hogies-laser-clip-in/"
"Adivista™ - Laser Clip In","https://innovativeoptics.com/product/adivista-laser-clip-in/"
"Soft Touch - Laser Clip In","https://innovativeoptics.com/product/soft-touch-laser-clip-in/"
"Rose Safety - Laser Clip In","https://innovativeoptics.com/product/rose-safety-laser-clip-in/"
"Titanium - Laser Clip In","https://innovativeoptics.com/product/titanium-laser-clip-in/"
"Aluminum - Laser Clip In","https://innovativeoptics.com/product/aluminum-laser-clip-in/"
"Ultra Light Optics Sport - Laser Clip In","https://innovativeoptics.com/product/ultra-light-optics-sport-laser-clip-in/"
"Ultra Light Optics Flat - Laser Clip In","https://innovativeoptics.com/product/ultra-light-optics-flat-laser-clip-in/"
"Performance Titanium Square - Laser Clip In","https://innovativeoptics.com/product/performance-titanium-square-laser-clip-in/"
"Performance Titanium Oval - Laser Clip In","https://innovativeoptics.com/product/performance-titanium-oval-laser-clip-in/"
"Del Rey - Laser Clip In","https://innovativeoptics.com/product/del-rey-laser-clip-in/"
"Under Armour Zone - Laser Clip In","https://innovativeoptics.com/product/under-armour-zone-laser-clip-in/"
"Under Armour Igniter - Laser Clip In","https://innovativeoptics.com/product/under-armour-igniter-laser-clip-in/"
"Under Armour Surge - Laser Clip In","https://innovativeoptics.com/product/under-armour-surge-laser-clip-in/"
"Under Armour Enforcer - Laser Clip In","https://innovativeoptics.com/product/under-armour-enforcer-laser-clip-in/"
"Tifosi Roubiax - Laser Clip In","https://innovativeoptics.com/product/tifosi-roubiax-laser-clip-in/"
"Tifosi Pave - Laser Clip In","https://innovativeoptics.com/product/tifosi-pave-laser-clip-in/"
"Eclipse-Ti - Laser Clip In","https://innovativeoptics.com/product/eclipse-ti-laser-clip-in/"
"Q-869 - Laser Clip In","https://innovativeoptics.com/product/q-869-laser-clip-in/"
"Q-867 - Laser Clip In","https://innovativeoptics.com/product/q-867-laser-clip-in/"
"EyeMag Smart Sport - Laser Clip In","https://innovativeoptics.com/product/eyemag-smart-sport-laser-clip-in/"
"EyeMag Smart - Laser Clip In","https://innovativeoptics.com/product/eyemag-smart-laser-clip-in/"
"Oakley® Flak Jacket™ - Laser Clip In","https://innovativeoptics.com/product/oakley-flak-jacket-laser-clip-in/"
"Oakley® Half Jacket™ - Laser Clip In","https://innovativeoptics.com/product/oakley-half-jacket-laser-clip-in/"
"Oakley® Radar™ - Laser Clip In","https://innovativeoptics.com/product/oakley-radar-laser-clip-in/"
"Titanium 077 - Laser Clip In","https://innovativeoptics.com/product/titanium-077-laser-clip-in/"
"Nike® Skylon Ace - Laser Clip In","https://innovativeoptics.com/product/nike-skylon-ace-laser-clip-in/"
"SkyView - Laser Clip In","https://innovativeoptics.com/product/skyview-laser-clip-in/"
"Designer 109 - Laser Clip In","https://innovativeoptics.com/product/designer-109-laser-clip-in/"
"Titanium 062 - Laser Clip In","https://innovativeoptics.com/product/titanium-062-laser-clip-in/"
"Designer 047 - Laser Clip In","https://innovativeoptics.com/product/designer-047-laser-clip-in/"
"Titanium 02™ - Laser Clip In","https://innovativeoptics.com/product/titanium-02-laser-clip-in/"
"Victory™ - Laser Clip In","https://innovativeoptics.com/product/victory-laser-clip-in/"
"Titanium 01™ - Laser Clip In","https://innovativeoptics.com/product/titanium-01-laser-clip-in/"
"Legend™ - Laser Clip In","https://innovativeoptics.com/product/legend-laser-clip-in/"
"XV1™ - Laser Clip In","https://innovativeoptics.com/product/xv1-laser-clip-in/"
"Revolution™ - Laser Clip In","https://innovativeoptics.com/product/revolution-rudy-project-laser-clip-in/"
"Yeoman - Laser Clip In","https://innovativeoptics.com/product/yeoman/"
"Rydon™ (Rudy Project®) - Laser Clip In","https://innovativeoptics.com/product/laser-clip-in-for-rydon-rudy-project-with-innovative-optics-kg5-glass/"
